,0
0,neutral
1,negative
2,negative
3,neutral
4,negative
5,neutral
6,negative
7,neutral
8,negative
9,negative
10,neutral
11,negative
12,negative
13,neutral
14,positive
15,negative
16,neutral
17,negative
18,negative
19,negative
20,negative
21,neutral
22,negative
23,neutral
24,negative
25,negative
26,neutral
27,negative
28,neutral
29,neutral
30,neutral
31,neutral
32,neutral
33,neutral
34,neutral
35,negative
36,negative
37,neutral
38,neutral
39,neutral
40,neutral
41,neutral
42,neutral
43,negative
44,neutral
45,neutral
46,neutral
47,negative
48,positive
49,negative
50,negative
51,negative
52,neutral
53,negative
54,negative
55,negative
56,negative
57,negative
58,negative
59,neutral
60,negative
61,neutral
62,negative
63,negative
64,negative
65,neutral
66,neutral
67,neutral
68,neutral
69,negative
70,negative
71,neutral
72,neutral
73,neutral
74,negative
75,negative
76,neutral
77,neutral
78,negative
79,negative
80,neutral
81,neutral
82,neutral
83,neutral
84,neutral
85,negative
86,negative
87,negative
88,negative
89,neutral
90,negative
91,negative
92,neutral
93,negative
94,negative
95,neutral
96,positive
97,negative
98,neutral
99,negative
100,neutral
101,negative
102,negative
103,negative
104,negative
105,neutral
106,negative
107,negative
108,negative
109,positive
110,neutral
111,neutral
112,neutral
113,negative
114,neutral
115,negative
116,negative
117,negative
118,neutral
119,negative
120,neutral
121,neutral
122,negative
123,negative
124,negative
125,negative
126,negative
127,negative
128,negative
129,negative
130,negative
131,negative
132,negative
133,negative
134,negative
135,negative
136,negative
137,negative
138,negative
139,negative
140,negative
141,negative
142,negative
143,neutral
144,neutral
145,negative
146,negative
147,negative
148,negative
149,negative
150,negative
151,negative
152,negative
153,neutral
154,neutral
155,negative
156,neutral
157,neutral
158,neutral
159,neutral
160,positive
161,positive
162,neutral
163,neutral
164,negative
165,negative
166,negative
167,negative
168,negative
169,neutral
170,neutral
171,neutral
172,neutral
173,neutral
174,neutral
175,negative
176,negative
177,negative
178,neutral
179,negative
180,negative
181,negative
182,negative
183,negative
184,neutral
185,neutral
186,negative
187,neutral
188,neutral
189,neutral
190,negative
191,negative
192,negative
193,negative
194,neutral
195,negative
196,negative
197,negative
198,negative
199,negative
200,negative
201,negative
202,negative
203,negative
204,negative
205,negative
206,negative
207,negative
208,negative
209,negative
210,negative
211,negative
212,neutral
213,negative
214,neutral
215,neutral
216,negative
217,neutral
218,neutral
219,neutral
220,negative
221,negative
222,neutral
223,positive
224,neutral
225,neutral
226,negative
227,negative
228,negative
229,negative
230,negative
231,neutral
232,neutral
233,neutral
234,neutral
235,negative
236,negative
237,neutral
238,neutral
239,neutral
240,neutral
241,neutral
242,negative
243,negative
244,negative
245,negative
246,neutral
247,negative
248,neutral
249,negative
250,negative
251,negative
252,negative
253,neutral
254,neutral
255,negative
256,negative
257,neutral
258,neutral
259,neutral
260,negative
261,negative
262,neutral
263,neutral
264,neutral
265,neutral
266,positive
267,neutral
268,negative
269,neutral
270,negative
271,negative
272,negative
273,negative
274,negative
275,negative
276,negative
277,negative
278,negative
279,negative
280,negative
281,negative
282,negative
283,neutral
284,negative
285,negative
286,negative
287,neutral
288,neutral
289,negative
290,negative
291,neutral
292,neutral
293,negative
294,negative
295,negative
296,negative
297,neutral
298,neutral
299,negative
300,negative
301,neutral
302,negative
303,negative
304,negative
305,negative
306,negative
307,negative
308,negative
309,negative
310,negative
311,negative
312,negative
313,negative
314,negative
315,negative
316,negative
317,negative
318,neutral
319,neutral
320,negative
321,negative
322,negative
323,negative
324,negative
325,negative
326,negative
327,negative
328,negative
329,negative
330,negative
331,neutral
332,positive
333,neutral
334,negative
335,negative
336,negative
337,neutral
338,negative
339,neutral
340,neutral
341,neutral
342,neutral
343,negative
344,negative
345,neutral
346,negative
347,neutral
348,negative
349,negative
350,neutral
351,negative
352,neutral
353,neutral
354,neutral
355,neutral
356,neutral
357,neutral
358,neutral
359,neutral
360,neutral
361,neutral
362,neutral
363,positive
364,negative
365,negative
366,neutral
367,neutral
368,neutral
369,negative
370,negative
371,negative
372,neutral
373,neutral
374,neutral
375,neutral
376,neutral
377,neutral
378,neutral
379,neutral
380,neutral
381,neutral
382,neutral
383,neutral
384,neutral
385,neutral
386,neutral
387,neutral
388,neutral
389,neutral
390,neutral
391,neutral
392,neutral
393,neutral
394,negative
395,negative
396,negative
397,negative
398,negative
399,negative
400,negative
401,negative
402,negative
403,negative
404,negative
405,negative
406,negative
407,negative
408,neutral
409,negative
410,negative
411,negative
412,negative
413,negative
414,negative
415,negative
416,neutral
417,negative
418,neutral
419,neutral
420,neutral
421,negative
422,negative
423,negative
424,negative
425,neutral
426,negative
427,neutral
428,negative
429,negative
430,negative
431,negative
432,negative
433,negative
434,negative
435,negative
436,negative
437,neutral
438,negative
439,negative
440,negative
441,negative
442,negative
443,neutral
444,neutral
445,neutral
446,negative
447,negative
448,negative
449,negative
450,negative
451,negative
452,negative
453,negative
454,neutral
455,negative
456,negative
457,negative
458,negative
459,neutral
460,neutral
461,negative
462,negative
463,negative
464,negative
465,neutral
466,negative
467,negative
468,negative
469,neutral
470,negative
471,negative
472,negative
473,negative
474,neutral
475,neutral
476,negative
477,negative
478,negative
479,neutral
480,neutral
481,neutral
482,neutral
483,negative
484,negative
485,negative
486,negative
487,neutral
488,negative
489,negative
490,positive
491,negative
492,neutral
493,neutral
494,negative
495,negative
496,negative
497,negative
498,negative
499,negative
500,negative
501,negative
502,negative
503,negative
504,neutral
505,negative
506,negative
507,negative
508,neutral
509,neutral
510,neutral
511,negative
512,negative
513,positive
514,neutral
515,negative
516,negative
517,negative
518,negative
519,positive
520,neutral
521,neutral
522,negative
523,negative
524,neutral
525,neutral
526,negative
527,negative
528,negative
529,negative
530,negative
531,negative
532,negative
533,negative
534,neutral
535,positive
536,neutral
537,negative
538,negative
539,negative
540,negative
541,neutral
542,negative
543,negative
544,neutral
545,negative
546,neutral
547,negative
548,negative
549,neutral
550,negative
551,negative
552,negative
553,negative
554,negative
555,negative
556,negative
557,negative
558,negative
559,negative
560,negative
561,negative
562,neutral
563,negative
564,negative
565,negative
566,negative
567,negative
568,negative
569,neutral
570,negative
571,negative
572,negative
573,neutral
574,negative
575,neutral
576,negative
577,neutral
578,negative
579,negative
580,negative
581,negative
582,negative
583,negative
584,negative
585,negative
586,neutral
587,negative
588,negative
589,neutral
590,neutral
591,neutral
592,negative
593,neutral
594,neutral
595,positive
596,positive
597,neutral
598,negative
599,neutral
600,neutral
601,negative
602,neutral
603,neutral
604,negative
605,negative
606,neutral
607,negative
608,negative
609,neutral
610,neutral
611,negative
612,neutral
613,negative
614,negative
615,negative
616,positive
617,neutral
618,neutral
619,neutral
620,neutral
621,neutral
622,negative
623,neutral
624,neutral
625,negative
626,neutral
627,neutral
628,positive
629,negative
630,negative
631,negative
632,negative
633,negative
634,negative
635,negative
636,negative
637,negative
638,negative
639,negative
640,negative
641,negative
642,negative
643,negative
644,negative
645,negative
646,negative
647,neutral
648,neutral
649,negative
650,positive
651,negative
652,negative
653,negative
654,negative
655,neutral
656,negative
657,neutral
658,neutral
659,negative
660,negative
661,negative
662,negative
663,negative
664,neutral
665,neutral
666,neutral
667,negative
668,neutral
669,negative
670,negative
671,neutral
672,negative
673,negative
674,negative
675,negative
676,negative
677,negative
678,negative
679,negative
680,negative
681,negative
682,neutral
683,negative
684,neutral
685,neutral
686,negative
687,negative
688,neutral
689,negative
690,negative
691,neutral
692,neutral
693,negative
694,negative
695,negative
696,neutral
697,negative
698,negative
699,negative
700,negative
701,negative
702,neutral
703,negative
704,negative
705,negative
706,negative
707,negative
708,negative
709,negative
710,negative
711,negative
712,negative
713,negative
714,negative
715,negative
716,negative
717,negative
718,negative
719,negative
720,neutral
721,negative
722,negative
723,negative
724,negative
725,neutral
726,positive
727,positive
728,negative
729,negative
730,neutral
731,negative
732,negative
733,negative
734,neutral
735,negative
736,negative
737,negative
738,negative
739,neutral
740,negative
741,negative
742,negative
743,neutral
744,negative
745,negative
746,negative
747,negative
748,negative
749,neutral
750,negative
751,negative
752,neutral
753,neutral
754,negative
755,neutral
756,neutral
757,neutral
758,negative
759,neutral
760,neutral
761,neutral
762,neutral
763,negative
764,neutral
765,neutral
766,negative
767,positive
768,neutral
769,negative
770,neutral
771,neutral
772,neutral
773,neutral
774,neutral
775,neutral
776,neutral
777,neutral
778,neutral
779,neutral
780,neutral
781,neutral
782,neutral
783,neutral
784,neutral
785,neutral
786,neutral
787,negative
788,negative
789,neutral
790,negative
791,negative
792,negative
793,negative
794,negative
795,negative
796,negative
797,negative
798,neutral
799,neutral
800,negative
801,neutral
802,negative
803,negative
804,negative
805,neutral
806,negative
807,neutral
808,negative
809,negative
810,neutral
811,negative
812,negative
813,neutral
814,negative
815,negative
816,negative
817,negative
818,neutral
819,negative
820,neutral
821,neutral
822,negative
823,negative
824,negative
825,negative
826,neutral
827,negative
828,negative
829,negative
830,neutral
831,neutral
832,negative
833,negative
834,negative
835,neutral
836,negative
837,negative
838,negative
839,negative
840,negative
841,negative
842,neutral
843,negative
844,neutral
845,negative
846,neutral
847,negative
848,negative
849,neutral
850,neutral
851,neutral
852,negative
853,negative
854,neutral
855,negative
856,neutral
857,negative
858,positive
859,neutral
860,negative
861,negative
862,negative
863,neutral
864,neutral
865,negative
866,negative
867,negative
868,negative
869,negative
870,negative
871,negative
872,negative
873,negative
874,negative
875,negative
876,negative
877,neutral
878,negative
879,neutral
880,neutral
881,neutral
882,negative
883,negative
884,negative
885,negative
886,negative
887,negative
888,negative
889,negative
890,positive
891,neutral
892,positive
893,neutral
894,negative
895,negative
896,neutral
897,neutral
898,neutral
899,negative
900,negative
901,neutral
902,neutral
903,neutral
904,neutral
905,neutral
906,negative
907,negative
908,negative
909,negative
910,negative
911,negative
912,negative
913,negative
914,negative
915,negative
916,neutral
917,neutral
918,neutral
919,negative
920,negative
921,neutral
922,neutral
923,negative
924,neutral
925,negative
926,negative
927,negative
928,negative
929,negative
930,negative
931,neutral
932,negative
933,negative
934,neutral
935,negative
936,negative
937,negative
938,negative
939,negative
940,neutral
941,neutral
942,neutral
943,neutral
944,negative
945,negative
946,negative
947,negative
948,negative
949,negative
950,negative
951,neutral
952,negative
953,negative
954,neutral
955,neutral
956,neutral
957,neutral
958,neutral
959,neutral
960,neutral
961,neutral
962,neutral
963,neutral
964,negative
965,neutral
966,negative
967,negative
968,negative
969,negative
970,neutral
971,neutral
972,negative
973,neutral
974,neutral
975,negative
976,negative
977,negative
978,negative
979,negative
980,negative
981,negative
982,neutral
983,neutral
984,neutral
985,neutral
986,neutral
987,neutral
988,neutral
989,neutral
990,neutral
991,neutral
992,neutral
993,neutral
994,neutral
995,neutral
996,neutral
997,neutral
998,neutral
999,neutral
1000,negative
1001,negative
1002,negative
1003,negative
1004,negative
1005,negative
1006,negative
1007,negative
1008,negative
1009,negative
1010,negative
1011,negative
1012,negative
1013,negative
1014,negative
1015,negative
1016,negative
1017,negative
1018,negative
1019,neutral
1020,neutral
1021,neutral
1022,negative
1023,negative
1024,neutral
1025,negative
1026,negative
1027,negative
1028,negative
1029,negative
1030,negative
1031,negative
1032,negative
1033,negative
1034,neutral
1035,negative
1036,negative
1037,negative
1038,negative
1039,neutral
1040,positive
1041,negative
1042,neutral
1043,negative
1044,negative
1045,negative
1046,negative
1047,negative
1048,negative
1049,negative
1050,negative
1051,neutral
1052,negative
1053,negative
1054,negative
1055,neutral
1056,negative
1057,neutral
1058,neutral
1059,neutral
1060,negative
1061,negative
1062,negative
1063,negative
1064,negative
1065,negative
1066,neutral
1067,negative
1068,negative
1069,negative
1070,negative
1071,negative
1072,negative
1073,negative
1074,neutral
1075,neutral
1076,neutral
1077,negative
1078,negative
1079,negative
1080,negative
1081,neutral
1082,negative
1083,negative
1084,neutral
1085,neutral
1086,negative
1087,neutral
1088,negative
1089,negative
1090,neutral
1091,negative
1092,negative
1093,neutral
1094,neutral
1095,neutral
1096,neutral
1097,neutral
1098,negative
1099,neutral
1100,negative
1101,negative
1102,neutral
1103,neutral
1104,neutral
1105,neutral
1106,neutral
1107,negative
1108,negative
1109,negative
1110,neutral
1111,neutral
1112,neutral
1113,negative
1114,negative
1115,negative
1116,negative
1117,negative
1118,negative
1119,negative
1120,neutral
1121,negative
1122,positive
1123,negative
1124,negative
1125,negative
1126,negative
1127,negative
1128,negative
1129,negative
1130,neutral
1131,neutral
1132,negative
1133,negative
1134,negative
1135,negative
1136,negative
1137,negative
1138,negative
1139,negative
1140,negative
1141,neutral
1142,negative
1143,positive
1144,negative
1145,negative
1146,negative
1147,negative
1148,negative
1149,negative
1150,negative
1151,negative
1152,negative
1153,neutral
1154,negative
1155,negative
1156,negative
1157,negative
1158,neutral
1159,negative
1160,negative
1161,negative
1162,negative
1163,negative
1164,negative
1165,negative
1166,negative
1167,neutral
1168,neutral
1169,neutral
1170,neutral
1171,negative
1172,neutral
1173,negative
1174,negative
1175,negative
1176,negative
1177,positive
1178,positive
1179,positive
1180,positive
1181,negative
1182,negative
1183,negative
1184,neutral
1185,neutral
1186,neutral
1187,neutral
1188,neutral
1189,neutral
1190,neutral
1191,neutral
1192,neutral
1193,neutral
1194,neutral
1195,neutral
1196,neutral
1197,neutral
1198,neutral
1199,neutral
1200,negative
1201,neutral
1202,neutral
1203,negative
1204,negative
1205,negative
1206,negative
1207,negative
1208,neutral
1209,negative
1210,negative
1211,negative
1212,negative
1213,negative
1214,negative
1215,negative
1216,negative
1217,negative
1218,negative
1219,neutral
1220,neutral
1221,negative
1222,negative
1223,neutral
1224,negative
1225,neutral
1226,neutral
1227,neutral
1228,negative
1229,negative
1230,negative
1231,positive
1232,positive
1233,neutral
1234,negative
1235,negative
1236,negative
1237,positive
1238,negative
1239,negative
1240,negative
1241,negative
1242,neutral
1243,neutral
1244,negative
1245,negative
1246,negative
1247,negative
1248,negative
1249,negative
1250,negative
1251,neutral
1252,negative
1253,neutral
1254,negative
1255,negative
1256,negative
1257,negative
1258,negative
1259,neutral
1260,negative
1261,negative
1262,neutral
1263,negative
1264,negative
1265,negative
1266,negative
1267,negative
1268,negative
1269,negative
1270,negative
1271,negative
1272,neutral
1273,negative
1274,negative
1275,negative
1276,negative
1277,negative
1278,neutral
1279,negative
1280,neutral
1281,neutral
1282,neutral
1283,neutral
1284,neutral
1285,neutral
1286,negative
1287,neutral
1288,neutral
1289,neutral
1290,neutral
1291,neutral
1292,neutral
1293,negative
1294,neutral
1295,neutral
1296,negative
1297,negative
1298,negative
1299,negative
1300,negative
1301,positive
1302,negative
1303,neutral
1304,neutral
1305,negative
1306,neutral
1307,neutral
1308,negative
1309,positive
1310,neutral
1311,neutral
1312,negative
1313,negative
1314,negative
1315,neutral
1316,neutral
1317,neutral
1318,negative
1319,neutral
1320,negative
1321,positive
1322,neutral
1323,negative
1324,negative
1325,negative
1326,negative
1327,neutral
1328,neutral
1329,neutral
1330,negative
1331,negative
1332,negative
1333,neutral
1334,neutral
1335,negative
1336,negative
1337,negative
1338,neutral
1339,negative
1340,negative
1341,negative
1342,neutral
1343,neutral
1344,negative
1345,neutral
1346,negative
1347,neutral
1348,neutral
1349,negative
1350,neutral
1351,negative
1352,neutral
1353,negative
1354,neutral
1355,negative
1356,negative
1357,negative
1358,negative
1359,negative
1360,neutral
1361,neutral
1362,neutral
1363,negative
1364,positive
1365,neutral
1366,negative
1367,negative
1368,neutral
1369,neutral
1370,negative
1371,negative
1372,neutral
1373,negative
1374,neutral
1375,neutral
1376,negative
1377,negative
1378,negative
1379,negative
1380,neutral
1381,negative
1382,negative
1383,neutral
1384,negative
1385,negative
1386,neutral
1387,negative
1388,positive
1389,neutral
1390,negative
1391,negative
1392,neutral
1393,negative
1394,negative
1395,negative
1396,negative
1397,negative
1398,negative
1399,negative
1400,neutral
1401,neutral
1402,negative
1403,negative
1404,negative
1405,negative
1406,neutral
1407,positive
1408,neutral
1409,negative
1410,negative
1411,negative
1412,neutral
1413,negative
1414,positive
1415,neutral
1416,neutral
1417,neutral
1418,neutral
1419,neutral
1420,neutral
1421,neutral
1422,negative
1423,negative
1424,neutral
1425,negative
1426,negative
1427,negative
1428,negative
1429,negative
1430,negative
1431,neutral
1432,neutral
1433,neutral
1434,positive
1435,negative
1436,negative
1437,neutral
1438,neutral
1439,negative
1440,negative
1441,negative
1442,positive
1443,negative
1444,negative
1445,negative
1446,negative
1447,negative
1448,negative
1449,negative
1450,negative
1451,negative
1452,negative
1453,neutral
1454,negative
1455,negative
1456,negative
1457,neutral
1458,negative
1459,neutral
1460,negative
1461,negative
1462,negative
1463,negative
1464,negative
1465,negative
1466,negative
1467,negative
1468,negative
1469,negative
1470,negative
1471,negative
1472,negative
1473,negative
1474,negative
1475,negative
1476,negative
1477,negative
1478,neutral
1479,neutral
1480,neutral
1481,neutral
1482,neutral
1483,neutral
1484,negative
1485,negative
1486,negative
1487,negative
1488,neutral
1489,negative
1490,negative
1491,neutral
1492,neutral
1493,neutral
1494,negative
1495,negative
1496,negative
1497,neutral
1498,negative
1499,negative
1500,neutral
1501,negative
1502,negative
1503,neutral
1504,negative
1505,neutral
1506,negative
1507,negative
1508,negative
1509,neutral
1510,neutral
1511,negative
1512,negative
1513,neutral
1514,neutral
1515,negative
1516,negative
1517,negative
1518,negative
1519,negative
1520,negative
1521,neutral
1522,negative
1523,neutral
1524,negative
1525,negative
1526,negative
1527,neutral
1528,negative
1529,negative
1530,neutral
1531,negative
1532,negative
1533,positive
1534,negative
1535,negative
1536,neutral
1537,negative
1538,neutral
1539,neutral
1540,negative
1541,neutral
1542,negative
1543,negative
1544,negative
1545,negative
1546,negative
1547,neutral
1548,negative
1549,negative
1550,neutral
1551,neutral
1552,positive
1553,neutral
1554,neutral
1555,neutral
1556,neutral
1557,neutral
1558,negative
1559,neutral
1560,negative
1561,neutral
1562,negative
1563,negative
1564,negative
1565,negative
1566,negative
1567,neutral
1568,neutral
1569,neutral
1570,neutral
1571,neutral
1572,neutral
1573,neutral
1574,negative
1575,neutral
1576,negative
1577,negative
1578,negative
1579,negative
1580,neutral
1581,negative
1582,neutral
1583,neutral
1584,positive
1585,positive
1586,positive
1587,negative
1588,negative
1589,negative
1590,negative
1591,neutral
1592,neutral
1593,neutral
1594,neutral
1595,negative
1596,negative
1597,negative
1598,negative
1599,negative
1600,negative
1601,neutral
1602,neutral
1603,neutral
1604,neutral
1605,neutral
1606,neutral
1607,negative
1608,negative
1609,negative
1610,negative
1611,negative
1612,neutral
1613,neutral
1614,neutral
1615,neutral
1616,negative
1617,negative
1618,neutral
1619,negative
1620,neutral
1621,negative
1622,negative
1623,neutral
1624,negative
1625,neutral
1626,positive
1627,neutral
1628,neutral
1629,neutral
1630,positive
1631,positive
1632,negative
1633,negative
1634,negative
1635,neutral
1636,neutral
1637,neutral
1638,neutral
1639,negative
1640,neutral
1641,negative
1642,positive
1643,negative
1644,neutral
1645,negative
1646,negative
1647,negative
1648,neutral
1649,negative
1650,negative
1651,negative
1652,positive
1653,positive
1654,positive
1655,positive
1656,negative
1657,negative
1658,neutral
1659,negative
1660,negative
1661,negative
1662,neutral
1663,negative
1664,negative
1665,negative
1666,negative
1667,neutral
1668,negative
1669,negative
1670,negative
1671,neutral
1672,neutral
1673,neutral
1674,neutral
1675,positive
1676,negative
1677,negative
1678,negative
1679,negative
1680,negative
1681,neutral
1682,negative
1683,positive
1684,negative
1685,negative
1686,negative
1687,neutral
1688,neutral
1689,neutral
1690,negative
1691,negative
1692,negative
1693,negative
1694,negative
1695,neutral
1696,negative
1697,neutral
1698,negative
1699,positive
1700,negative
1701,negative
1702,negative
1703,negative
1704,neutral
1705,negative
1706,negative
1707,negative
1708,negative
1709,negative
1710,neutral
1711,negative
1712,negative
1713,negative
1714,negative
1715,neutral
1716,neutral
1717,negative
1718,negative
1719,negative
1720,positive
1721,negative
1722,neutral
1723,negative
1724,negative
1725,negative
1726,neutral
1727,neutral
1728,neutral
1729,negative
1730,neutral
1731,neutral
1732,negative
1733,neutral
1734,negative
1735,negative
1736,negative
1737,neutral
1738,neutral
1739,neutral
1740,negative
1741,neutral
1742,neutral
1743,neutral
1744,negative
1745,negative
1746,negative
1747,negative
1748,negative
1749,neutral
1750,negative
1751,negative
1752,negative
1753,negative
1754,negative
1755,negative
1756,negative
1757,negative
1758,neutral
1759,negative
1760,negative
1761,negative
1762,negative
1763,neutral
1764,negative
1765,negative
1766,neutral
1767,neutral
1768,negative
1769,neutral
1770,neutral
1771,neutral
1772,neutral
1773,negative
1774,negative
1775,negative
1776,neutral
1777,negative
1778,neutral
1779,negative
1780,negative
1781,negative
1782,negative
1783,negative
1784,negative
1785,negative
1786,negative
1787,positive
1788,negative
1789,negative
1790,negative
1791,negative
1792,negative
1793,negative
1794,negative
1795,negative
1796,negative
1797,negative
1798,negative
1799,negative
1800,neutral
1801,neutral
1802,negative
1803,negative
1804,negative
1805,negative
1806,negative
1807,positive
1808,positive
1809,neutral
1810,neutral
1811,negative
1812,negative
1813,negative
1814,negative
1815,positive
1816,positive
1817,negative
1818,negative
1819,negative
1820,negative
1821,neutral
1822,neutral
1823,negative
1824,negative
1825,negative
1826,neutral
1827,negative
1828,negative
1829,negative
1830,positive
1831,positive
1832,positive
1833,positive
1834,positive
1835,positive
1836,positive
1837,positive
1838,positive
1839,positive
1840,positive
1841,positive
1842,positive
1843,positive
1844,positive
1845,positive
1846,positive
1847,positive
1848,positive
1849,positive
1850,positive
1851,positive
1852,positive
1853,positive
1854,positive
1855,positive
1856,positive
1857,positive
1858,positive
1859,positive
1860,positive
1861,positive
1862,positive
1863,positive
1864,positive
1865,positive
1866,positive
1867,positive
1868,positive
1869,positive
1870,positive
1871,positive
1872,positive
1873,positive
1874,positive
1875,positive
1876,positive
1877,positive
1878,positive
1879,positive
1880,positive
1881,positive
1882,positive
1883,positive
1884,positive
1885,positive
1886,positive
1887,positive
1888,positive
1889,positive
1890,positive
1891,positive
1892,positive
1893,positive
1894,positive
1895,positive
1896,positive
1897,positive
1898,positive
1899,positive
1900,positive
1901,positive
1902,positive
1903,positive
1904,positive
1905,positive
1906,positive
1907,positive
1908,positive
1909,positive
1910,positive
1911,positive
1912,positive
1913,positive
1914,positive
1915,positive
1916,positive
1917,positive
1918,positive
1919,positive
1920,positive
1921,positive
1922,positive
1923,positive
1924,positive
1925,positive
1926,positive
1927,positive
1928,positive
1929,positive
1930,positive
1931,positive
1932,positive
1933,positive
1934,positive
1935,positive
1936,positive
1937,positive
1938,positive
1939,positive
1940,positive
1941,positive
1942,positive
1943,positive
1944,positive
1945,positive
1946,positive
1947,positive
1948,positive
1949,positive
1950,positive
1951,positive
1952,positive
1953,positive
1954,positive
1955,positive
1956,positive
1957,positive
1958,positive
1959,positive
1960,positive
1961,positive
1962,positive
1963,positive
1964,positive
1965,positive
1966,positive
1967,positive
1968,positive
1969,positive
1970,positive
1971,positive
1972,positive
1973,positive
1974,positive
1975,positive
1976,positive
1977,positive
1978,positive
1979,positive
1980,positive
1981,positive
1982,positive
1983,positive
1984,positive
1985,positive
1986,positive
1987,positive
1988,positive
1989,positive
1990,positive
1991,positive
1992,positive
1993,positive
1994,positive
1995,positive
1996,positive
1997,positive
1998,positive
1999,positive
2000,positive
2001,positive
2002,positive
2003,positive
2004,positive
2005,positive
2006,positive
2007,positive
2008,positive
2009,positive
2010,positive
2011,positive
2012,positive
2013,positive
2014,positive
2015,positive
2016,positive
2017,positive
2018,positive
2019,positive
2020,positive
2021,positive
2022,positive
2023,positive
2024,positive
2025,positive
2026,positive
2027,positive
2028,positive
2029,positive
2030,positive
2031,positive
2032,positive
2033,positive
2034,positive
2035,positive
2036,positive
2037,positive
2038,positive
2039,positive
2040,positive
2041,positive
2042,positive
2043,positive
2044,positive
2045,positive
2046,positive
2047,positive
2048,positive
2049,positive
2050,positive
2051,positive
2052,positive
2053,positive
2054,positive
2055,positive
2056,positive
2057,positive
2058,positive
2059,positive
2060,positive
2061,positive
2062,positive
2063,positive
2064,positive
2065,positive
2066,positive
2067,positive
2068,positive
2069,positive
2070,positive
2071,positive
2072,positive
2073,positive
2074,positive
2075,positive
2076,positive
2077,positive
2078,positive
2079,positive
2080,positive
2081,positive
2082,positive
2083,positive
2084,positive
2085,positive
2086,positive
2087,positive
2088,positive
2089,positive
2090,positive
2091,positive
2092,positive
2093,positive
2094,positive
2095,positive
2096,positive
2097,positive
2098,positive
2099,positive
2100,positive
2101,positive
2102,positive
2103,positive
2104,positive
2105,positive
2106,positive
2107,positive
2108,positive
2109,positive
2110,positive
2111,positive
2112,positive
2113,positive
2114,positive
2115,positive
2116,positive
2117,positive
2118,positive
2119,positive
2120,positive
2121,positive
2122,positive
2123,positive
2124,positive
2125,positive
2126,positive
2127,positive
2128,positive
2129,positive
2130,positive
2131,positive
2132,positive
2133,positive
2134,positive
2135,positive
2136,positive
2137,positive
2138,positive
2139,positive
2140,positive
2141,positive
2142,positive
2143,positive
2144,positive
2145,positive
2146,positive
2147,positive
2148,positive
2149,positive
2150,positive
2151,positive
2152,positive
2153,positive
2154,positive
2155,positive
2156,positive
2157,positive
2158,positive
2159,positive
2160,positive
2161,positive
2162,positive
2163,positive
2164,positive
2165,positive
2166,positive
2167,positive
2168,positive
2169,positive
2170,positive
2171,positive
2172,positive
2173,positive
2174,positive
2175,positive
2176,positive
2177,positive
2178,positive
2179,positive
2180,positive
2181,positive
2182,positive
2183,positive
2184,positive
2185,positive
2186,positive
2187,positive
2188,positive
2189,positive
2190,positive
2191,positive
2192,positive
2193,positive
2194,positive
2195,positive
2196,positive
2197,positive
2198,positive
2199,positive
2200,positive
2201,positive
2202,positive
2203,positive
2204,positive
2205,positive
2206,positive
2207,positive
2208,positive
2209,positive
2210,positive
2211,positive
2212,positive
2213,positive
2214,positive
2215,positive
2216,positive
2217,positive
2218,positive
2219,positive
2220,positive
2221,positive
2222,positive
2223,positive
2224,positive
2225,positive
2226,positive
2227,positive
2228,positive
2229,positive
2230,positive
2231,positive
2232,positive
2233,positive
2234,positive
2235,positive
2236,positive
2237,positive
2238,positive
2239,positive
2240,positive
2241,positive
2242,positive
2243,positive
2244,positive
2245,positive
2246,positive
2247,positive
2248,positive
2249,positive
2250,positive
2251,positive
2252,positive
2253,positive
2254,positive
2255,positive
2256,positive
2257,positive
2258,positive
2259,positive
2260,positive
2261,positive
2262,positive
2263,positive
2264,positive
2265,positive
2266,positive
2267,positive
2268,positive
2269,positive
2270,positive
2271,positive
2272,positive
2273,positive
2274,positive
2275,positive
2276,positive
2277,positive
2278,positive
2279,positive
2280,positive
2281,positive
2282,positive
2283,positive
2284,positive
2285,positive
2286,positive
2287,positive
2288,positive
2289,positive
2290,positive
2291,positive
2292,positive
2293,positive
2294,positive
2295,positive
2296,positive
2297,positive
2298,positive
2299,positive
2300,positive
2301,positive
2302,positive
2303,positive
2304,positive
2305,positive
2306,positive
2307,positive
2308,positive
2309,positive
2310,positive
2311,positive
2312,positive
2313,positive
2314,positive
2315,positive
2316,positive
2317,positive
2318,positive
2319,positive
2320,positive
2321,positive
2322,positive
2323,positive
2324,positive
2325,positive
2326,positive
2327,positive
2328,positive
2329,positive
2330,positive
2331,positive
2332,positive
2333,positive
2334,positive
2335,positive
2336,positive
2337,positive
2338,positive
2339,positive
2340,positive
2341,positive
2342,positive
2343,positive
2344,positive
2345,positive
2346,positive
2347,positive
2348,positive
2349,positive
2350,positive
2351,positive
2352,positive
2353,positive
2354,positive
2355,positive
2356,positive
2357,positive
2358,positive
2359,positive
2360,positive
2361,positive
2362,positive
2363,positive
2364,positive
2365,positive
2366,positive
2367,positive
2368,positive
2369,positive
2370,positive
2371,positive
2372,positive
2373,positive
2374,positive
2375,positive
2376,positive
2377,positive
2378,positive
2379,positive
2380,positive
2381,positive
2382,positive
2383,positive
2384,positive
2385,positive
2386,positive
2387,positive
2388,positive
2389,positive
2390,positive
2391,positive
2392,positive
2393,positive
2394,positive
2395,positive
2396,positive
2397,positive
2398,positive
2399,positive
2400,positive
2401,positive
2402,positive
2403,positive
2404,positive
2405,positive
2406,positive
2407,positive
2408,positive
2409,positive
2410,positive
2411,positive
2412,positive
2413,positive
2414,positive
2415,positive
2416,positive
2417,positive
2418,positive
2419,positive
2420,positive
2421,positive
2422,positive
2423,positive
2424,positive
2425,positive
2426,positive
2427,positive
2428,positive
2429,positive
2430,positive
2431,positive
2432,positive
2433,positive
2434,positive
2435,positive
2436,positive
2437,positive
2438,positive
2439,positive
2440,positive
2441,positive
2442,positive
2443,positive
2444,positive
2445,positive
2446,positive
2447,positive
2448,positive
2449,positive
2450,positive
2451,positive
2452,positive
2453,positive
2454,positive
2455,positive
2456,positive
2457,positive
2458,positive
2459,positive
2460,positive
2461,positive
2462,positive
2463,positive
2464,positive
2465,positive
2466,positive
2467,positive
2468,positive
2469,positive
2470,positive
2471,positive
2472,positive
2473,positive
2474,positive
2475,positive
2476,positive
2477,positive
2478,positive
2479,positive
2480,positive
2481,positive
2482,positive
2483,positive
2484,positive
2485,positive
2486,positive
2487,positive
2488,positive
2489,positive
2490,positive
2491,positive
2492,positive
2493,positive
2494,positive
2495,positive
2496,positive
2497,positive
2498,positive
2499,positive
2500,positive
2501,positive
2502,positive
2503,positive
2504,positive
2505,positive
2506,positive
2507,positive
2508,positive
2509,positive
2510,positive
2511,positive
2512,positive
2513,positive
2514,positive
2515,positive
2516,positive
2517,positive
2518,positive
2519,positive
2520,positive
2521,positive
2522,positive
2523,positive
2524,positive
2525,positive
2526,positive
2527,positive
2528,positive
2529,positive
2530,positive
2531,positive
2532,positive
2533,positive
2534,positive
2535,positive
2536,positive
2537,positive
2538,positive
2539,positive
2540,positive
2541,positive
2542,positive
2543,positive
2544,positive
2545,positive
2546,positive
2547,positive
2548,positive
2549,positive
2550,positive
2551,positive
2552,positive
2553,positive
2554,positive
2555,positive
2556,positive
2557,positive
2558,positive
2559,positive
2560,positive
2561,positive
2562,positive
2563,positive
2564,positive
2565,positive
2566,positive
2567,positive
2568,positive
2569,positive
2570,positive
2571,positive
2572,positive
2573,positive
2574,positive
2575,positive
2576,positive
2577,positive
2578,positive
2579,positive
2580,positive
2581,positive
2582,positive
2583,positive
2584,positive
2585,positive
2586,positive
2587,positive
2588,positive
2589,positive
2590,positive
2591,positive
2592,positive
2593,positive
2594,positive
2595,positive
2596,positive
2597,positive
2598,positive
2599,positive
2600,positive
2601,positive
2602,positive
2603,positive
2604,positive
2605,positive
2606,positive
2607,positive
2608,positive
2609,positive
2610,positive
2611,positive
2612,positive
2613,positive
2614,positive
2615,positive
2616,positive
2617,positive
2618,positive
2619,positive
2620,positive
2621,positive
2622,positive
2623,positive
2624,positive
2625,positive
2626,positive
2627,positive
2628,positive
2629,positive
2630,positive
2631,positive
2632,positive
2633,positive
2634,positive
2635,positive
2636,positive
2637,positive
2638,positive
2639,positive
2640,positive
2641,positive
2642,positive
2643,positive
2644,positive
2645,positive
2646,positive
2647,positive
2648,positive
2649,positive
2650,positive
2651,positive
2652,positive
2653,positive
2654,positive
2655,positive
2656,positive
2657,positive
2658,positive
2659,positive
2660,positive
2661,positive
2662,positive
2663,positive
2664,positive
2665,positive
2666,positive
2667,positive
2668,positive
2669,positive
2670,positive
2671,positive
2672,positive
2673,positive
2674,positive
2675,positive
2676,positive
2677,positive
2678,positive
2679,positive
2680,positive
2681,positive
2682,positive
2683,positive
2684,positive
2685,positive
2686,positive
2687,positive
2688,positive
2689,positive
2690,positive
2691,positive
2692,positive
2693,positive
2694,positive
2695,positive
2696,positive
2697,positive
2698,positive
2699,positive
2700,positive
2701,positive
2702,positive
2703,positive
2704,positive
2705,positive
2706,positive
2707,positive
2708,positive
2709,positive
2710,positive
2711,positive
2712,positive
2713,positive
2714,positive
2715,positive
2716,positive
2717,positive
2718,positive
2719,positive
2720,positive
2721,positive
2722,positive
2723,positive
2724,positive
2725,positive
2726,positive
2727,positive
2728,positive
2729,positive
2730,positive
2731,positive
2732,positive
2733,positive
2734,positive
2735,positive
2736,positive
2737,positive
2738,positive
2739,positive
2740,positive
2741,positive
2742,positive
2743,positive
2744,positive
2745,positive
2746,positive
2747,positive
2748,positive
2749,positive
2750,positive
2751,positive
2752,positive
2753,positive
2754,positive
2755,positive
2756,positive
2757,positive
2758,positive
2759,positive
2760,positive
2761,positive
2762,positive
2763,positive
2764,positive
2765,positive
2766,positive
2767,positive
2768,positive
2769,positive
2770,positive
2771,positive
2772,positive
2773,positive
2774,positive
2775,positive
2776,positive
2777,positive
2778,positive
2779,positive
2780,positive
2781,positive
2782,positive
2783,positive
2784,positive
2785,positive
2786,positive
2787,positive
2788,positive
2789,positive
2790,positive
2791,positive
2792,positive
2793,positive
2794,positive
2795,positive
2796,positive
2797,positive
2798,positive
2799,positive
2800,positive
2801,positive
2802,positive
2803,positive
2804,positive
2805,positive
2806,positive
2807,positive
2808,positive
2809,positive
2810,positive
2811,positive
2812,positive
2813,positive
2814,positive
2815,positive
2816,positive
2817,positive
2818,positive
2819,positive
2820,positive
2821,positive
2822,positive
2823,positive
2824,positive
2825,positive
2826,positive
2827,positive
2828,positive
2829,positive
2830,positive
2831,positive
2832,positive
2833,positive
2834,positive
2835,positive
2836,positive
2837,positive
2838,positive
2839,positive
2840,positive
2841,positive
2842,positive
2843,positive
2844,positive
2845,positive
2846,positive
2847,positive
2848,positive
2849,positive
2850,positive
2851,positive
2852,positive
2853,positive
2854,positive
2855,positive
2856,positive
2857,positive
2858,positive
2859,positive
2860,positive
2861,positive
2862,positive
2863,positive
2864,positive
2865,positive
2866,positive
2867,positive
2868,positive
2869,positive
2870,positive
2871,positive
2872,positive
2873,positive
2874,positive
2875,positive
2876,neutral
2877,neutral
2878,neutral
2879,neutral
2880,neutral
2881,neutral
2882,neutral
2883,neutral
2884,neutral
2885,neutral
2886,neutral
2887,neutral
2888,neutral
2889,neutral
2890,neutral
2891,neutral
2892,neutral
2893,neutral
2894,neutral
2895,neutral
2896,neutral
2897,neutral
2898,neutral
2899,neutral
2900,neutral
2901,neutral
2902,neutral
2903,neutral
2904,neutral
2905,neutral
2906,neutral
2907,neutral
2908,neutral
2909,neutral
2910,neutral
2911,neutral
2912,neutral
2913,neutral
2914,neutral
2915,neutral
2916,neutral
2917,neutral
2918,neutral
2919,neutral
2920,neutral
2921,neutral
2922,neutral
2923,neutral
2924,neutral
2925,neutral
2926,neutral
2927,neutral
2928,neutral
2929,neutral
2930,neutral
2931,neutral
2932,neutral
2933,neutral
2934,neutral
2935,neutral
2936,neutral
2937,neutral
2938,neutral
2939,neutral
2940,neutral
2941,neutral
2942,neutral
2943,neutral
2944,neutral
2945,neutral
2946,neutral
2947,neutral
2948,neutral
2949,neutral
2950,neutral
2951,neutral
2952,neutral
2953,neutral
2954,neutral
2955,neutral
2956,neutral
2957,neutral
2958,neutral
2959,neutral
2960,neutral
2961,neutral
2962,neutral
2963,neutral
2964,neutral
2965,neutral
2966,neutral
2967,neutral
2968,neutral
2969,neutral
2970,neutral
2971,neutral
2972,neutral
2973,neutral
2974,neutral
2975,neutral
2976,neutral
2977,neutral
2978,neutral
2979,neutral
2980,neutral
2981,neutral
2982,neutral
2983,neutral
2984,neutral
2985,neutral
2986,neutral
2987,neutral
2988,neutral
2989,neutral
2990,neutral
2991,neutral
2992,neutral
2993,neutral
2994,neutral
2995,neutral
2996,neutral
2997,neutral
2998,neutral
2999,neutral
3000,neutral
3001,neutral
3002,neutral
3003,neutral
3004,neutral
3005,neutral
3006,neutral
3007,neutral
3008,neutral
3009,neutral
3010,neutral
3011,neutral
3012,neutral
3013,neutral
3014,neutral
3015,neutral
3016,neutral
3017,neutral
3018,neutral
3019,neutral
3020,neutral
3021,neutral
3022,neutral
3023,neutral
3024,neutral
3025,neutral
3026,neutral
3027,neutral
3028,neutral
3029,neutral
3030,neutral
3031,neutral
3032,neutral
3033,neutral
3034,neutral
3035,neutral
3036,neutral
3037,neutral
3038,neutral
3039,neutral
3040,neutral
3041,neutral
3042,neutral
3043,neutral
3044,neutral
3045,neutral
3046,neutral
3047,neutral
3048,neutral
3049,neutral
3050,neutral
3051,neutral
3052,neutral
3053,neutral
3054,neutral
3055,neutral
3056,neutral
3057,neutral
3058,neutral
3059,neutral
3060,neutral
3061,neutral
3062,neutral
3063,neutral
3064,neutral
3065,neutral
3066,neutral
3067,neutral
3068,neutral
3069,neutral
3070,neutral
3071,neutral
3072,neutral
3073,neutral
3074,neutral
3075,neutral
3076,neutral
3077,neutral
3078,neutral
3079,neutral
3080,neutral
3081,neutral
3082,neutral
3083,neutral
3084,neutral
3085,neutral
3086,neutral
3087,neutral
3088,neutral
3089,neutral
3090,neutral
3091,neutral
3092,neutral
3093,neutral
3094,neutral
3095,neutral
3096,neutral
3097,neutral
3098,neutral
3099,neutral
3100,neutral
3101,neutral
3102,neutral
3103,neutral
3104,neutral
3105,neutral
3106,neutral
3107,neutral
3108,neutral
3109,neutral
3110,neutral
3111,neutral
3112,neutral
3113,neutral
3114,neutral
3115,neutral
3116,neutral
3117,neutral
3118,neutral
3119,neutral
3120,neutral
3121,neutral
3122,neutral
3123,neutral
3124,neutral
3125,neutral
3126,neutral
3127,neutral
3128,neutral
3129,neutral
3130,neutral
3131,neutral
3132,neutral
3133,neutral
3134,neutral
3135,neutral
3136,neutral
3137,neutral
3138,neutral
3139,neutral
3140,neutral
3141,neutral
3142,neutral
3143,neutral
3144,neutral
3145,neutral
3146,neutral
3147,neutral
3148,neutral
3149,neutral
3150,neutral
3151,neutral
3152,neutral
3153,neutral
3154,neutral
3155,neutral
3156,neutral
3157,neutral
3158,neutral
3159,neutral
3160,neutral
3161,neutral
3162,neutral
3163,neutral
3164,neutral
3165,neutral
3166,neutral
3167,neutral
3168,neutral
3169,neutral
3170,neutral
3171,neutral
3172,neutral
3173,neutral
3174,neutral
3175,neutral
3176,neutral
3177,neutral
3178,neutral
3179,neutral
3180,neutral
3181,neutral
3182,neutral
3183,neutral
3184,neutral
3185,neutral
3186,neutral
3187,neutral
3188,neutral
3189,neutral
3190,neutral
3191,neutral
3192,neutral
3193,neutral
3194,neutral
3195,neutral
3196,neutral
3197,neutral
3198,neutral
3199,neutral
3200,neutral
3201,neutral
3202,neutral
3203,neutral
3204,neutral
3205,neutral
3206,neutral
3207,neutral
3208,neutral
3209,neutral
3210,neutral
3211,neutral
3212,neutral
3213,neutral
3214,neutral
3215,neutral
3216,neutral
3217,neutral
3218,neutral
3219,neutral
3220,neutral
3221,neutral
3222,neutral
3223,neutral
3224,neutral
3225,neutral
3226,neutral
3227,neutral
3228,neutral
3229,neutral
3230,neutral
3231,neutral
3232,neutral
3233,neutral
3234,neutral
3235,neutral
3236,neutral
3237,neutral
3238,neutral
3239,neutral
3240,neutral
3241,neutral
3242,neutral
3243,neutral
3244,neutral
3245,neutral
3246,neutral
3247,neutral
3248,neutral
3249,neutral
3250,neutral
3251,neutral
3252,neutral
3253,neutral
3254,neutral
3255,neutral
3256,neutral
3257,neutral
3258,neutral
3259,neutral
3260,neutral
3261,neutral
3262,neutral
3263,neutral
3264,neutral
3265,neutral
3266,neutral
3267,neutral
3268,neutral
3269,neutral
3270,neutral
3271,neutral
3272,neutral
3273,neutral
3274,neutral
3275,neutral
3276,neutral
3277,neutral
3278,neutral
3279,neutral
3280,neutral
3281,neutral
3282,neutral
3283,neutral
3284,neutral
3285,neutral
3286,neutral
3287,neutral
3288,neutral
3289,neutral
3290,neutral
3291,neutral
3292,neutral
3293,neutral
3294,neutral
3295,neutral
3296,neutral
3297,neutral
3298,neutral
3299,neutral
3300,neutral
3301,neutral
3302,neutral
3303,neutral
3304,neutral
3305,neutral
3306,neutral
3307,neutral
3308,neutral
3309,neutral
3310,neutral
3311,neutral
3312,neutral
3313,neutral
3314,neutral
3315,neutral
3316,neutral
3317,neutral
3318,neutral
3319,neutral
3320,neutral
3321,neutral
3322,neutral
3323,neutral
3324,neutral
3325,neutral
3326,neutral
3327,neutral
3328,neutral
3329,neutral
3330,neutral
3331,neutral
3332,neutral
3333,neutral
3334,neutral
3335,neutral
